TURBOR,https://robertsspaceindustries.com/media/50jwhpg51a9c7r/avatar/TURBOR-Logo.jpg
SYNCH,https://robertsspaceindustries.com/media/0zd6y49zc6w63r/avatar/SYNCH-Logo.png
GLADIATORS,https://robertsspaceindustries.com/media/pv99bdx12hfp5r/avatar/GLADIATORS-Logo.png
RUSCOM,https://robertsspaceindustries.com/media/sqnwdmdaiz2jxr/avatar/RUSCOM-Logo.png
AVOCADO,https://robertsspaceindustries.com/media/kjcz5umie01t7r/avatar/AVOCADO-Logo.jpg
ADI,https://robertsspaceindustries.com/media/2h5o0gtsmpfs3r/avatar/ADI-Logo.png
CORP,https://robertsspaceindustries.com/media/iooyqdasatv0hr/avatar/CORP-Logo.png
XPLOR,https://robertsspaceindustries.com/media/vfr2gg9ifum95r/avatar/XPLOR-Logo.png
TEST,https://robertsspaceindustries.com/media/ihh8ge4y6eqfir/avatar/TEST-Logo.png
SPLI,https://robertsspaceindustries.com/media/tq7a0iuk2slhhr/avatar/SPLI-Logo.jpg
CMDR,https://robertsspaceindustries.com/media/ouwlv4ox49ntvr/avatar/CMDR-Logo.png