Olisar;
Terra Mills HydroFarm;
Hickes Research Outpost;
Tram & Myers Mining;
Gallete Family Farms;
Ashburn Channels Aid Shelter;
Flanaganâ€™s Ravine Aid Shelter;
Julep Ravine Aid Shelter;
Mogote Aid Shelter;
Shubin Mining Facility SCD-1;
ArcCorp Mining Area 141;
Bountiful Harvest Hydroponics;
Cudre Ore;
Dunlow Ridge Aid Shelter;
Tamdon Plains Aid Shelter;
Wolf Point Aid Shelter;
Eager Flats Aid Shelter;
GrimHex;
ArcCorp Mining Area 157;
Deakins Research Outpost;
Benson Mining Outpost;
JumpTown (Drugs);
Talarine Divide Aid Shelter;
Kosso Basin Aid Shelter;
Nakamura Valley Aid Shelter;
Aston Ridge Aid Shelter;
Levski;
Lorville;
Area 18;